"trait","marker","Chr","pos","ci.low","ci.high","lod","BB_effect","BS_effect","SS_effect","BB_SE","BS_SE","SS_SE"
"AUC_gluc_8wk","gUNC3915705","2",126.01,108.17,148.96,3.75,-0.3896,0.1323,0.1003,0.1667,0.1119,0.1693
"AUC_gluc_6wk","gUNCHS008823","3",59.23,50.35,107.49,4.07,-0.519,0.1264,0.3513,0.152,0.109,0.1724
"AUC_gluc_5wk","S6J034107260","3",102.59,57.38,120.46,4.21,-0.5934,0.3244,-0.01158,0.1587,0.1159,0.1402
"AUC_gluc_5wk","SX1071884735","7",46.77,39.78,49.31,4.31,-0.4969,0.2078,0.2029,0.1464,0.1161,0.1616
"AUC_gluc_4wk","gUNCHS030445","11",44.79,33.96,64.44,4.54,-0.5606,0.3228,0.008438,0.1428,0.1089,0.1685
"Slope_AUCs","gUNCHS034900","13",3.61,3.61,47.86,3.87,-0.2181,-0.03536,0.4631,0.1399,0.1182,0.184
"AUC_8wk_minus_AUC_4wk","gUNCHS034900","13",3.61,3.61,43.68,4.35,-0.2556,-0.01265,0.473,0.1393,0.1177,0.1832
"AUC_gluc_6wk","S6T163424114","16",85.4,56.83,96.88,5.07,-0.2359,-0.1012,0.571,0.131,0.1236,0.1674
"AUC_gluc_8wk","S6T163424114","16",85.4,50.87,96.88,4.06,-0.1689,-0.09158,0.4451,0.1339,0.1264,0.1711
"AUC_of_AUCs","S6T163424114","16",85.4,58.88,96.88,5.04,-0.2297,-0.1068,0.5633,0.1325,0.1238,0.1676
"AUC_gluc_5wk","gUNC27472288","16",96.88,59.8,96.88,3.94,-0.3356,0.009452,0.5312,0.1304,0.1242,0.1666
